round,sprint_date,sprint_time,year
10,2021-07-17,,2021
14,2021-09-11,,2021
19,2021-11-13,,2021
4,2022-04-23,14:30:00,2022
11,2022-07-09,14:30:00,2022
21,2022-11-12,19:30:00,2022
4,2023-04-29,13:30:00,2023
9,2023-07-01,14:30:00,2023
12,2023-07-29,14:30:00,2023
17,2023-10-07,17:30:00,2023
18,2023-10-21,22:00:00,2023
20,2023-11-04,18:30:00,2023
5,2024-04-20,03:00:00,2024
6,2024-05-04,16:00:00,2024
11,2024-06-29,10:00:00,2024
19,2024-10-19,18:00:00,2024
21,2024-11-02,14:00:00,2024
23,2024-11-30,13:00:00,2024
